scenario,policy,global_fpr_median,global_fpr_mean,recall_median,recall_mean,pe_ratio_median,pe_ratio_mean,fpr_difference_median,fpr_difference_mean,alert_rate_median,alert_rate_mean
clean,fixed_m5,0.057585253820828415,0.05779231298915754,0.5536831132731064,0.5467673402462676,0.3760410796597201,0.4057944441144349,0.08061416160136536,0.07885172346204478,0.06472854982683772,0.06392861869692984
clean,lag1,0.05328448736469238,0.05346345598968792,0.5316191799861014,0.5297678667696654,0.3741181934221064,0.4031962072011121,0.0753261185840031,0.07412258465993718,0.05982354935881234,0.05943415557225333
clean,test_oracle,0.04999851582134447,0.04999847459681108,0.5231063238359972,0.5181608646024294,0.373806883754602,0.4037009341279306,0.06931011663564111,0.06925622584672977,0.056638562052590644,0.05587071333636616
noise_0.00,fixed_m5,0.057585253820828415,0.05779231298915754,0.5536831132731064,0.5467673402462676,0.3760410796597201,0.4057944441144349,0.08061416160136536,0.07885172346204478,0.06472854982683772,0.06392861869692984
noise_0.00,lag1,0.05328448736469238,0.05346345598968792,0.5316191799861014,0.5297678667696654,0.3741181934221064,0.4031962072011121,0.0753261185840031,0.07412258465993718,0.05982354935881234,0.05943415557225333
noise_0.00,test_oracle,0.04999851582134447,0.04999847459681108,0.5231063238359972,0.5181608646024294,0.373806883754602,0.4037009341279306,0.06931011663564111,0.06925622584672977,0.056638562052590644,0.05587071333636616
noise_0.25,fixed_m5,0.025516693163751988,0.02515086752830328,0.18175132617862455,0.24266724454967925,0.35201282175834614,0.41199441020060745,0.03596864399790874,0.03359477243490142,0.026724237809924195,0.027801871670819902
noise_0.25,lag1,0.0356884386600002,0.036143842126191296,0.24374565670604587,0.2840855769973213,0.360553786022957,0.43033708487109507,0.05582323977770691,0.04710651601680709,0.03816294887160511,0.039195163838731915
noise_0.25,test_oracle,0.04999851582134447,0.04999847459681108,0.3007296733842947,0.33665234362307495,0.35942402865397993,0.4336573829537954,0.07283730052076576,0.06761167775684161,0.053516771122271836,0.0535411714462051
noise_0.50,fixed_m5,0.031235879842690988,0.031593142813516314,0.1744266851980542,0.23671359083716523,0.4011839985341228,0.45745397156099626,0.04008206946183762,0.03531948750114182,0.03242618093945513,0.03408727853789809
noise_0.50,lag1,0.03880219228516442,0.03995042233100596,0.21803335649756775,0.2661197915847795,0.40832346069072056,0.46904100435013685,0.051483102297275644,0.044875582026205924,0.04085654358323984,0.04272320407284585
noise_0.50,test_oracle,0.04999851582134447,0.04999847459681108,0.2675469075747047,0.3021107054749699,0.40818958206846684,0.46694827141131184,0.06143591693533583,0.059196768101945976,0.05305107067947905,0.053102066917210464
noise_1.00,fixed_m5,0.050717513178813484,0.05161955098375394,0.16819933190574565,0.2228065164520219,0.5079334193414913,0.5652347371413927,0.041446453052661314,0.037818326811442815,0.05164437750339303,0.05370797772108842
noise_1.00,lag1,0.050610827545812066,0.05106878855264712,0.1843293954134816,0.22451542902223523,0.5356526951561577,0.5791125556776632,0.039929882457082067,0.0383812954628787,0.05152231123175213,0.05319287823924726
noise_1.00,test_oracle,0.04999851582134447,0.04999847459681108,0.1940583738707436,0.2240910134300152,0.5495777373871668,0.589680397300574,0.04131602457606582,0.04019772685345126,0.05201928684706726,0.052140702352675344
